{"accuracy": [0.4375, 0.546875], "val_accuracy": [0.625, 0.625], "loss": [1.3925644159317017, 1.088431477546692], "val_loss": [0.9064779281616211, 0.8940140604972839]}